Workbook

Sheet Read Me
A1: Retail Sales Tracker — Instructions
A2: How this workbook is organized and how to use it day to day.
A5: Tab | B5: Purpose
A6: Raw Entries | B6: One row per transaction. This is the ONLY tab where new data should be typed in. Every other tab pulls from here automatically.
A7: Daily Summary | B7: Auto-calculated totals for every calendar date, using SUMIFS/COUNTIFS on Raw Entries. Updates the moment a new row is added.
A8: Weekly Summary | B8: Auto-calculated totals for Monday–Sunday weeks, using SUMIFS with a date range.
A9: Monthly Summary | B9: Auto-calculated totals per calendar month, plus average transaction value.
A10: Verification (QA) | B10: A manual, independently-computed spot check on 3 periods, proving the formulas above are correct.
A12: How to add a new sale
A13: 1. | B13: Go to the 'Raw Entries' tab and scroll to the first fully blank row (row 1002 onward already has dropdowns and validation ready).
A14: 2. | B14: Fill in Transaction ID, Date, Customer ID, Gender, Age, Product Category, Quantity, and Price per Unit.
A15: 3. | B15: Leave 'Total Amount' alone — it is a formula (Quantity x Price per Unit) and fills itself in.
A16: 4. | B16: Gender and Product Category are dropdown-only (data validation) so staff can't mistype a category.
A17: 5. | B17: Quantity and Price per Unit must be positive numbers — the sheet will reject 0, blank, or negative entries with a warning.
A18: 6. | B18: Do not type numbers directly into the Summary tabs — they are formulas and will be overwritten if edited by hand.
A20: Design notes
A21: - | B21: Raw data lives on its own tab, fully separate from any formulas, so a mistyped entry can never break a rollup formula, and summary formulas can never accidentally get overwritten by new data entry.
A22: - | B22: All summary tabs reference Raw Entries by cell range (e.g. 'Raw Entries'!$I$2:$I$1501), so the workbook already has 500 spare rows wired up with validation and formulas ahead of time — no formula rebuilding needed as data grows.
A23: - | B23: Color key: yellow fill = type here. White = formula, do not overwrite.
A25: Source data | B25: Retail Sales Dataset — 1,000 transactions, Jan 1 2023 to Jan 1 2024 (used here as sample data to build and test the template).

Sheet Raw Entries
A1: Transaction ID | B1: Date | C1: Customer ID | D1: Gender | E1: Age | F1: Product Category | G1: Quantity | H1: Price per Unit | I1: Total Amount
A2: 522 | B2: 44927 | C2: CUST522 | D2: Male | E2: 46 | F2: Beauty | G2: 3 | H2: 500 | I2: =G2*H2 -> 1500
A3: 180 | B3: 44927 | C3: CUST180 | D3: Male | E3: 41 | F3: Clothing | G3: 3 | H3: 300 | I3: =G3*H3 -> 900
A4: 559 | B4: 44927 | C4: CUST559 | D4: Female | E4: 40 | F4: Clothing | G4: 4 | H4: 300 | I4: =G4*H4 -> 1200
A5: 303 | B5: 44928 | C5: CUST303 | D5: Male | E5: 19 | F5: Electronics | G5: 3 | H5: 30 | I5: =G5*H5 -> 90
A6: 979 | B6: 44928 | C6: CUST979 | D6: Female | E6: 19 | F6: Beauty | G6: 1 | H6: 25 | I6: =G6*H6 -> 25
A7: 163 | B7: 44928 | C7: CUST163 | D7: Female | E7: 64 | F7: Clothing | G7: 3 | H7: 50 | I7: =G7*H7 -> 150
A8: 421 | B8: 44928 | C8: CUST421 | D8: Female | E8: 37 | F8: Clothing | G8: 3 | H8: 500 | I8: =G8*H8 -> 1500
A9: 610 | B9: 44929 | C9: CUST610 | D9: Female | E9: 26 | F9: Beauty | G9: 2 | H9: 300 | I9: =G9*H9 -> 600
A10: 683 | B10: 44930 | C10: CUST683 | D10: Male | E10: 38 | F10: Beauty | G10: 2 | H10: 500 | I10: =G10*H10 -> 1000
A11: 231 | B11: 44930 | C11: CUST231 | D11: Female | E11: 23 | F11: Clothing | G11: 3 | H11: 50 | I11: =G11*H11 -> 150
A12: 32 | B12: 44930 | C12: CUST032 | D12: Male | E12: 30 | F12: Beauty | G12: 3 | H12: 30 | I12: =G12*H12 -> 90
A13: 391 | B13: 44931 | C13: CUST391 | D13: Male | E13: 19 | F13: Beauty | G13: 2 | H13: 25 | I13: =G13*H13 -> 50
... A1001: 650 | B1001: 45292 | C1001: CUST650 | D1001: Male | E1001: 55 | F1001: Electronics | G1001: 1 | H1001: 30 | I1001: =G1001*H1001 -> 30
I1002: =IF(AND(G1002<>"",H1002<>""),G1002*H1002,"")
I1003: =IF(AND(G1003<>"",H1003<>""),G1003*H1003,"")
I1004: =IF(AND(G1004<>"",H1004<>""),G1004*H1004,"")
I1005: =IF(AND(G1005<>"",H1005<>""),G1005*H1005,"")
I1006: =IF(AND(G1006<>"",H1006<>""),G1006*H1006,"")
I1007: =IF(AND(G1007<>"",H1007<>""),G1007*H1007,"")
I1008: =IF(AND(G1008<>"",H1008<>""),G1008*H1008,"")
I1009: =IF(AND(G1009<>"",H1009<>""),G1009*H1009,"")
I1010: =IF(AND(G1010<>"",H1010<>""),G1010*H1010,"")
I1011: =IF(AND(G1011<>"",H1011<>""),G1011*H1011,"")
I1012: =IF(AND(G1012<>"",H1012<>""),G1012*H1012,"")
I1013: =IF(AND(G1013<>"",H1013<>""),G1013*H1013,"")
... I1501: =IF(AND(G1501<>"",H1501<>""),G1501*H1501,"")

Sheet Daily Summary
A1: Daily Sales Summary
A2: Auto-calculated from Raw Entries via SUMIFS / COUNTIFS. Do not type values into columns B:E.
A4: Date | B4: Total Sales | C4: Total Transactions | D4: Total Quantity Sold | E4: Avg Sale Value
A5: 44927 | B5: =SUMIFS('Raw Entries'!$I$2:$I$1501,'Raw Entries'!$B$2:$B$1501,A5) -> 3600 | C5: =COUNTIFS('Raw Entries'!$B$2:$B$1501,A5) -> 3 | D5: =SUMIFS('Raw Entries'!$G$2:$G$1501,'Raw Entries'!$B$2:$B$1501,A5) -> 10 | E5: =IFERROR(B5/C5,0) -> 1200
A6: 44928 | B6: =SUMIFS('Raw Entries'!$I$2:$I$1501,'Raw Entries'!$B$2:$B$1501,A6) -> 1765 | C6: =COUNTIFS('Raw Entries'!$B$2:$B$1501,A6) -> 4 | D6: =SUMIFS('Raw Entries'!$G$2:$G$1501,'Raw Entries'!$B$2:$B$1501,A6) -> 10 | E6: =IFERROR(B6/C6,0) -> 441.25
A7: 44929 | B7: =SUMIFS('Raw Entries'!$I$2:$I$1501,'Raw Entries'!$B$2:$B$1501,A7) -> 600 | C7: =COUNTIFS('Raw Entries'!$B$2:$B$1501,A7) -> 1 | D7: =SUMIFS('Raw Entries'!$G$2:$G$1501,'Raw Entries'!$B$2:$B$1501,A7) -> 2 | E7: =IFERROR(B7/C7,0) -> 600
A8: 44930 | B8: =SUMIFS('Raw Entries'!$I$2:$I$1501,'Raw Entries'!$B$2:$B$1501,A8) -> 1240 | C8: =COUNTIFS('Raw Entries'!$B$2:$B$1501,A8) -> 3 | D8: =SUMIFS('Raw Entries'!$G$2:$G$1501,'Raw Entries'!$B$2:$B$1501,A8) -> 8 | E8: =IFERROR(B8/C8,0) -> 413.33333
A9: 44931 | B9: =SUMIFS('Raw Entries'!$I$2:$I$1501,'Raw Entries'!$B$2:$B$1501,A9) -> 1100 | C9: =COUNTIFS('Raw Entries'!$B$2:$B$1501,A9) -> 3 | D9: =SUMIFS('Raw Entries'!$G$2:$G$1501,'Raw Entries'!$B$2:$B$1501,A9) -> 5 | E9: =IFERROR(B9/C9,0) -> 366.66667
A10: 44932 | B10: =SUMIFS('Raw Entries'!$I$2:$I$1501,'Raw Entries'!$B$2:$B$1501,A10) -> 620 | C10: =COUNTIFS('Raw Entries'!$B$2:$B$1501,A10) -> 2 | D10: =SUMIFS('Raw Entries'!$G$2:$G$1501,'Raw Entries'!$B$2:$B$1501,A10) -> 5 | E10: =IFERROR(B10/C10,0) -> 310
A11: 44933 | B11: =SUMIFS('Raw Entries'!$I$2:$I$1501,'Raw Entries'!$B$2:$B$1501,A11) -> 150 | C11: =COUNTIFS('Raw Entries'!$B$2:$B$1501,A11) -> 2 | D11: =SUMIFS('Raw Entries'!$G$2:$G$1501,'Raw Entries'!$B$2:$B$1501,A11) -> 6 | E11: =IFERROR(B11/C11,0) -> 75
A12: 44934 | B12: =SUMIFS('Raw Entries'!$I$2:$I$1501,'Raw Entries'!$B$2:$B$1501,A12) -> 625 | C12: =COUNTIFS('Raw Entries'!$B$2:$B$1501,A12) -> 2 | D12: =SUMIFS('Raw Entries'!$G$2:$G$1501,'Raw Entries'!$B$2:$B$1501,A12) -> 3 | E12: =IFERROR(B12/C12,0) -> 312.5
A13: 44935 | B13: =SUMIFS('Raw Entries'!$I$2:$I$1501,'Raw Entries'!$B$2:$B$1501,A13) -> 200 | C13: =COUNTIFS('Raw Entries'!$B$2:$B$1501,A13) -> 1 | D13: =SUMIFS('Raw Entries'!$G$2:$G$1501,'Raw Entries'!$B$2:$B$1501,A13) -> 4 | E13: =IFERROR(B13/C13,0) -> 200
A14: 44936 | B14: =SUMIFS('Raw Entries'!$I$2:$I$1501,'Raw Entries'!$B$2:$B$1501,A14) -> 230 | C14: =COUNTIFS('Raw Entries'!$B$2:$B$1501,A14) -> 2 | D14: =SUMIFS('Raw Entries'!$G$2:$G$1501,'Raw Entries'!$B$2:$B$1501,A14) -> 5 | E14: =IFERROR(B14/C14,0) -> 115
A15: 44937 | B15: =SUMIFS('Raw Entries'!$I$2:$I$1501,'Raw Entries'!$B$2:$B$1501,A15) -> 280 | C15: =COUNTIFS('Raw Entries'!$B$2:$B$1501,A15) -> 3 | D15: =SUMIFS('Raw Entries'!$G$2:$G$1501,'Raw Entries'!$B$2:$B$1501,A15) -> 10 | E15: =IFERROR(B15/C15,0) -> 93.333333
A16: 44939 | B16: =SUMIFS('Raw Entries'!$I$2:$I$1501,'Raw Entries'!$B$2:$B$1501,A16) -> 1930 | C16: =COUNTIFS('Raw Entries'!$B$2:$B$1501,A16) -> 4 | D16: =SUMIFS('Raw Entries'!$G$2:$G$1501,'Raw Entries'!$B$2:$B$1501,A16) -> 11 | E16: =IFERROR(B16/C16,0) -> 482.5
... A349: 45292 | B349: =SUMIFS('Raw Entries'!$I$2:$I$1501,'Raw Entries'!$B$2:$B$1501,A349) -> 1530 | C349: =COUNTIFS('Raw Entries'!$B$2:$B$1501,A349) -> 2 | D349: =SUMIFS('Raw Entries'!$G$2:$G$1501,'Raw Entries'!$B$2:$B$1501,A349) -> 4 | E349: =IFERROR(B349/C349,0) -> 765
A351: Grand Total | B351: =SUM(B5:B349) -> 456000 | C351: =SUM(C5:C349) -> 1000 | D351: =SUM(D5:D349) -> 2514

Sheet Weekly Summary
A1: Weekly Sales Summary (Monday–Sunday)
A2: Auto-calculated from Raw Entries via SUMIFS with a date-range condition.
A4: Week Start | B4: Week End | C4: Total Sales | D4: Total Transactions | E4: Total Quantity Sold
A5: 44921 | B5: 44927 | C5: =SUMIFS('Raw Entries'!$I$2:$I$1501,'Raw Entries'!$B$2:$B$1501,">="&A5,'Raw Entries'!$B$2:$B$1501,"<="&B5) -> 3600 | D5: =COUNTIFS('Raw Entries'!$B$2:$B$1501,">="&A5,'Raw Entries'!$B$2:$B$1501,"<="&B5) -> 3 | E5: =SUMIFS('Raw Entries'!$G$2:$G$1501,'Raw Entries'!$B$2:$B$1501,">="&A5,'Raw Entries'!$B$2:$B$1501,"<="&B5) -> 10
A6: 44928 | B6: 44934 | C6: =SUMIFS('Raw Entries'!$I$2:$I$1501,'Raw Entries'!$B$2:$B$1501,">="&A6,'Raw Entries'!$B$2:$B$1501,"<="&B6) -> 6100 | D6: =COUNTIFS('Raw Entries'!$B$2:$B$1501,">="&A6,'Raw Entries'!$B$2:$B$1501,"<="&B6) -> 17 | E6: =SUMIFS('Raw Entries'!$G$2:$G$1501,'Raw Entries'!$B$2:$B$1501,">="&A6,'Raw Entries'!$B$2:$B$1501,"<="&B6) -> 39
A7: 44935 | B7: 44941 | C7: =SUMIFS('Raw Entries'!$I$2:$I$1501,'Raw Entries'!$B$2:$B$1501,">="&A7,'Raw Entries'!$B$2:$B$1501,"<="&B7) -> 4850 | D7: =COUNTIFS('Raw Entries'!$B$2:$B$1501,">="&A7,'Raw Entries'!$B$2:$B$1501,"<="&B7) -> 17 | E7: =SUMIFS('Raw Entries'!$G$2:$G$1501,'Raw Entries'!$B$2:$B$1501,">="&A7,'Raw Entries'!$B$2:$B$1501,"<="&B7) -> 47
A8: 44942 | B8: 44948 | C8: =SUMIFS('Raw Entries'!$I$2:$I$1501,'Raw Entries'!$B$2:$B$1501,">="&A8,'Raw Entries'!$B$2:$B$1501,"<="&B8) -> 8215 | D8: =COUNTIFS('Raw Entries'!$B$2:$B$1501,">="&A8,'Raw Entries'!$B$2:$B$1501,"<="&B8) -> 14 | E8: =SUMIFS('Raw Entries'!$G$2:$G$1501,'Raw Entries'!$B$2:$B$1501,">="&A8,'Raw Entries'!$B$2:$B$1501,"<="&B8) -> 30
A9: 44949 | B9: 44955 | C9: =SUMIFS('Raw Entries'!$I$2:$I$1501,'Raw Entries'!$B$2:$B$1501,">="&A9,'Raw Entries'!$B$2:$B$1501,"<="&B9) -> 9845 | D9: =COUNTIFS('Raw Entries'!$B$2:$B$1501,">="&A9,'Raw Entries'!$B$2:$B$1501,"<="&B9) -> 18 | E9: =SUMIFS('Raw Entries'!$G$2:$G$1501,'Raw Entries'!$B$2:$B$1501,">="&A9,'Raw Entries'!$B$2:$B$1501,"<="&B9) -> 51
A10: 44956 | B10: 44962 | C10: =SUMIFS('Raw Entries'!$I$2:$I$1501,'Raw Entries'!$B$2:$B$1501,">="&A10,'Raw Entries'!$B$2:$B$1501,"<="&B10) -> 13070 | D10: =COUNTIFS('Raw Entries'!$B$2:$B$1501,">="&A10,'Raw Entries'!$B$2:$B$1501,"<="&B10) -> 25 | E10: =SUMIFS('Raw Entries'!$G$2:$G$1501,'Raw Entries'!$B$2:$B$1501,">="&A10,'Raw Entries'!$B$2:$B$1501,"<="&B10) -> 68
A11: 44963 | B11: 44969 | C11: =SUMIFS('Raw Entries'!$I$2:$I$1501,'Raw Entries'!$B$2:$B$1501,">="&A11,'Raw Entries'!$B$2:$B$1501,"<="&B11) -> 8365 | D11: =COUNTIFS('Raw Entries'!$B$2:$B$1501,">="&A11,'Raw Entries'!$B$2:$B$1501,"<="&B11) -> 22 | E11: =SUMIFS('Raw Entries'!$G$2:$G$1501,'Raw Entries'!$B$2:$B$1501,">="&A11,'Raw Entries'!$B$2:$B$1501,"<="&B11) -> 52
A12: 44970 | B12: 44976 | C12: =SUMIFS('Raw Entries'!$I$2:$I$1501,'Raw Entries'!$B$2:$B$1501,">="&A12,'Raw Entries'!$B$2:$B$1501,"<="&B12) -> 13815 | D12: =COUNTIFS('Raw Entries'!$B$2:$B$1501,">="&A12,'Raw Entries'!$B$2:$B$1501,"<="&B12) -> 16 | E12: =SUMIFS('Raw Entries'!$G$2:$G$1501,'Raw Entries'!$B$2:$B$1501,">="&A12,'Raw Entries'!$B$2:$B$1501,"<="&B12) -> 45
A13: 44977 | B13: 44983 | C13: =SUMIFS('Raw Entries'!$I$2:$I$1501,'Raw Entries'!$B$2:$B$1501,">="&A13,'Raw Entries'!$B$2:$B$1501,"<="&B13) -> 7645 | D13: =COUNTIFS('Raw Entries'!$B$2:$B$1501,">="&A13,'Raw Entries'!$B$2:$B$1501,"<="&B13) -> 21 | E13: =SUMIFS('Raw Entries'!$G$2:$G$1501,'Raw Entries'!$B$2:$B$1501,">="&A13,'Raw Entries'!$B$2:$B$1501,"<="&B13) -> 47
A14: 44984 | B14: 44990 | C14: =SUMIFS('Raw Entries'!$I$2:$I$1501,'Raw Entries'!$B$2:$B$1501,">="&A14,'Raw Entries'!$B$2:$B$1501,"<="&B14) -> 7155 | D14: =COUNTIFS('Raw Entries'!$B$2:$B$1501,">="&A14,'Raw Entries'!$B$2:$B$1501,"<="&B14) -> 20 | E14: =SUMIFS('Raw Entries'!$G$2:$G$1501,'Raw Entries'!$B$2:$B$1501,">="&A14,'Raw Entries'!$B$2:$B$1501,"<="&B14) -> 50
A15: 44991 | B15: 44997 | C15: =SUMIFS('Raw Entries'!$I$2:$I$1501,'Raw Entries'!$B$2:$B$1501,">="&A15,'Raw Entries'!$B$2:$B$1501,"<="&B15) -> 6090 | D15: =COUNTIFS('Raw Entries'!$B$2:$B$1501,">="&A15,'Raw Entries'!$B$2:$B$1501,"<="&B15) -> 17 | E15: =SUMIFS('Raw Entries'!$G$2:$G$1501,'Raw Entries'!$B$2:$B$1501,">="&A15,'Raw Entries'!$B$2:$B$1501,"<="&B15) -> 45
A16: 44998 | B16: 45004 | C16: =SUMIFS('Raw Entries'!$I$2:$I$1501,'Raw Entries'!$B$2:$B$1501,">="&A16,'Raw Entries'!$B$2:$B$1501,"<="&B16) -> 4075 | D16: =COUNTIFS('Raw Entries'!$B$2:$B$1501,">="&A16,'Raw Entries'!$B$2:$B$1501,"<="&B16) -> 11 | E16: =SUMIFS('Raw Entries'!$G$2:$G$1501,'Raw Entries'!$B$2:$B$1501,">="&A16,'Raw Entries'!$B$2:$B$1501,"<="&B16) -> 31
... A58: 45292 | B58: 45298 | C58: =SUMIFS('Raw Entries'!$I$2:$I$1501,'Raw Entries'!$B$2:$B$1501,">="&A58,'Raw Entries'!$B$2:$B$1501,"<="&B58) -> 1530 | D58: =COUNTIFS('Raw Entries'!$B$2:$B$1501,">="&A58,'Raw Entries'!$B$2:$B$1501,"<="&B58) -> 2 | E58: =SUMIFS('Raw Entries'!$G$2:$G$1501,'Raw Entries'!$B$2:$B$1501,">="&A58,'Raw Entries'!$B$2:$B$1501,"<="&B58) -> 4
A60: Grand Total | C60: =SUM(C5:C58) -> 456000 | D60: =SUM(D5:D58) -> 1000 | E60: =SUM(E5:E58) -> 2514

Sheet Monthly Summary
A1: Monthly Sales Summary
A2: Auto-calculated from Raw Entries via SUMIFS with a month-range condition.
A4: Month | B4: Month Start | C4: Month End | D4: Total Sales | E4: Total Transactions | F4: Avg Transaction Value
A5: Jan 2023 | B5: 44927 | C5: 44957 | D5: =SUMIFS('Raw Entries'!$I$2:$I$1501,'Raw Entries'!$B$2:$B$1501,">="&B5,'Raw Entries'!$B$2:$B$1501,"<="&C5) -> 35450 | E5: =COUNTIFS('Raw Entries'!$B$2:$B$1501,">="&B5,'Raw Entries'!$B$2:$B$1501,"<="&C5) -> 76 | F5: =IFERROR(D5/E5,0) -> 466.44737
A6: Feb 2023 | B6: 44958 | C6: 44985 | D6: =SUMIFS('Raw Entries'!$I$2:$I$1501,'Raw Entries'!$B$2:$B$1501,">="&B6,'Raw Entries'!$B$2:$B$1501,"<="&C6) -> 44060 | E6: =COUNTIFS('Raw Entries'!$B$2:$B$1501,">="&B6,'Raw Entries'!$B$2:$B$1501,"<="&C6) -> 85 | F6: =IFERROR(D6/E6,0) -> 518.35294
A7: Mar 2023 | B7: 44986 | C7: 45016 | D7: =SUMIFS('Raw Entries'!$I$2:$I$1501,'Raw Entries'!$B$2:$B$1501,">="&B7,'Raw Entries'!$B$2:$B$1501,"<="&C7) -> 28990 | E7: =COUNTIFS('Raw Entries'!$B$2:$B$1501,">="&B7,'Raw Entries'!$B$2:$B$1501,"<="&C7) -> 73 | F7: =IFERROR(D7/E7,0) -> 397.12329
A8: Apr 2023 | B8: 45017 | C8: 45046 | D8: =SUMIFS('Raw Entries'!$I$2:$I$1501,'Raw Entries'!$B$2:$B$1501,">="&B8,'Raw Entries'!$B$2:$B$1501,"<="&C8) -> 33870 | E8: =COUNTIFS('Raw Entries'!$B$2:$B$1501,">="&B8,'Raw Entries'!$B$2:$B$1501,"<="&C8) -> 86 | F8: =IFERROR(D8/E8,0) -> 393.83721
A9: May 2023 | B9: 45047 | C9: 45077 | D9: =SUMIFS('Raw Entries'!$I$2:$I$1501,'Raw Entries'!$B$2:$B$1501,">="&B9,'Raw Entries'!$B$2:$B$1501,"<="&C9) -> 53150 | E9: =COUNTIFS('Raw Entries'!$B$2:$B$1501,">="&B9,'Raw Entries'!$B$2:$B$1501,"<="&C9) -> 105 | F9: =IFERROR(D9/E9,0) -> 506.19048
A10: Jun 2023 | B10: 45078 | C10: 45107 | D10: =SUMIFS('Raw Entries'!$I$2:$I$1501,'Raw Entries'!$B$2:$B$1501,">="&B10,'Raw Entries'!$B$2:$B$1501,"<="&C10) -> 36715 | E10: =COUNTIFS('Raw Entries'!$B$2:$B$1501,">="&B10,'Raw Entries'!$B$2:$B$1501,"<="&C10) -> 77 | F10: =IFERROR(D10/E10,0) -> 476.81818
A11: Jul 2023 | B11: 45108 | C11: 45138 | D11: =SUMIFS('Raw Entries'!$I$2:$I$1501,'Raw Entries'!$B$2:$B$1501,">="&B11,'Raw Entries'!$B$2:$B$1501,"<="&C11) -> 35465 | E11: =COUNTIFS('Raw Entries'!$B$2:$B$1501,">="&B11,'Raw Entries'!$B$2:$B$1501,"<="&C11) -> 72 | F11: =IFERROR(D11/E11,0) -> 492.56944
A12: Aug 2023 | B12: 45139 | C12: 45169 | D12: =SUMIFS('Raw Entries'!$I$2:$I$1501,'Raw Entries'!$B$2:$B$1501,">="&B12,'Raw Entries'!$B$2:$B$1501,"<="&C12) -> 36960 | E12: =COUNTIFS('Raw Entries'!$B$2:$B$1501,">="&B12,'Raw Entries'!$B$2:$B$1501,"<="&C12) -> 94 | F12: =IFERROR(D12/E12,0) -> 393.19149
A13: Sep 2023 | B13: 45170 | C13: 45199 | D13: =SUMIFS('Raw Entries'!$I$2:$I$1501,'Raw Entries'!$B$2:$B$1501,">="&B13,'Raw Entries'!$B$2:$B$1501,"<="&C13) -> 23620 | E13: =COUNTIFS('Raw Entries'!$B$2:$B$1501,">="&B13,'Raw Entries'!$B$2:$B$1501,"<="&C13) -> 65 | F13: =IFERROR(D13/E13,0) -> 363.38462
A14: Oct 2023 | B14: 45200 | C14: 45230 | D14: =SUMIFS('Raw Entries'!$I$2:$I$1501,'Raw Entries'!$B$2:$B$1501,">="&B14,'Raw Entries'!$B$2:$B$1501,"<="&C14) -> 46580 | E14: =COUNTIFS('Raw Entries'!$B$2:$B$1501,">="&B14,'Raw Entries'!$B$2:$B$1501,"<="&C14) -> 96 | F14: =IFERROR(D14/E14,0) -> 485.20833
A15: Nov 2023 | B15: 45231 | C15: 45260 | D15: =SUMIFS('Raw Entries'!$I$2:$I$1501,'Raw Entries'!$B$2:$B$1501,">="&B15,'Raw Entries'!$B$2:$B$1501,"<="&C15) -> 34920 | E15: =COUNTIFS('Raw Entries'!$B$2:$B$1501,">="&B15,'Raw Entries'!$B$2:$B$1501,"<="&C15) -> 78 | F15: =IFERROR(D15/E15,0) -> 447.69231
A16: Dec 2023 | B16: 45261 | C16: 45291 | D16: =SUMIFS('Raw Entries'!$I$2:$I$1501,'Raw Entries'!$B$2:$B$1501,">="&B16,'Raw Entries'!$B$2:$B$1501,"<="&C16) -> 44690 | E16: =COUNTIFS('Raw Entries'!$B$2:$B$1501,">="&B16,'Raw Entries'!$B$2:$B$1501,"<="&C16) -> 91 | F16: =IFERROR(D16/E16,0) -> 491.0989
A17: Jan 2024 | B17: 45292 | C17: 45322 | D17: =SUMIFS('Raw Entries'!$I$2:$I$1501,'Raw Entries'!$B$2:$B$1501,">="&B17,'Raw Entries'!$B$2:$B$1501,"<="&C17) -> 1530 | E17: =COUNTIFS('Raw Entries'!$B$2:$B$1501,">="&B17,'Raw Entries'!$B$2:$B$1501,"<="&C17) -> 2 | F17: =IFERROR(D17/E17,0) -> 765
A19: Grand Total | D19: =SUM(D5:D17) -> 456000 | E19: =SUM(E5:E17) -> 1000

Sheet Verification (QA)
A1: Manual Verification / QA Check
A2: Three totals were recomputed independently in Python (outside the spreadsheet) and compared to the sheet's own formulas, to confirm the SUMIFS/COUNTIFS logic is correct.
A4: Check | B4: Period | C4: Manual Total (Python) | D4: Sheet Formula Total | E4: Match? | F4: Manual Txn Count
A5: Daily total | B5: 2023-06-30 | C5: 1030 | D5: ='Daily Summary'!B177 -> 1030 | E5: =IF(ROUND(C5-D5,2)=0,"MATCH","CHECK") -> MATCH | F5: 2
A6: Weekly total | B6: 2023-07-03 to 2023-07-09 | C6: 4315 | D6: ='Weekly Summary'!C32 -> 4315 | E6: =IF(ROUND(C6-D6,2)=0,"MATCH","CHECK") -> MATCH | F6: 16
A7: Monthly total | B7: Jul 2023 | C7: 35465 | D7: ='Monthly Summary'!D11 -> 35465 | E7: =IF(ROUND(C7-D7,2)=0,"MATCH","CHECK") -> MATCH | F7: 72
A9: Note: 'Manual Total (Python)' was computed by filtering the raw CSV directly with pandas, independent of any spreadsheet formula, then compared to the live sheet formula above. All three checks returned MATCH.
