Workbook

Sheet Read Me
B2: Excel Formulas & Functions Fundamentals — Practice Workbook
B3: Task 6 · Data Analytics Track · Built on the Sample Superstore dataset (cleaned)
B5: About this workbook
B6: Dataset used | C6: SampleSuperstore_clean.csv — first 1,000 transaction rows loaded into the 'Data' sheet (kept to 1,000 rows so every formula recalculates instantly; every formula below works identically if you paste in the full 9,977-row file and extend the ranges).
B8: Columns in the raw data | C8: Ship Mode, Segment, Country, City, State, Postal Code, Region, Category, Sub-Category, Sales, Quantity, Discount, Profit.
B10: What was added | C10: Helper columns (N–R) on the Data sheet using nested IF, text concatenation, VLOOKUP and INDEX/MATCH — plus five extra sheets that isolate each function family so you can see it working on its own before it gets combined with others.
B13: Sheet map
B14: Sheet | C14: What's in it
B15: Data | C15: The working table (1,000 live rows) plus helper columns demonstrating nested IF, text formulas, VLOOKUP and INDEX/MATCH row-by-row.
B16: Lookup_Tables | C16: Small reference tables (Region→Manager, Ship Mode→Delivery SLA) that the lookup formulas pull from. This is the 'answer key' VLOOKUP/INDEX-MATCH search.
B17: Lookup_Demo | C17: An interactive sandbox — type a Region or Ship Mode into the yellow cell and watch VLOOKUP, INDEX/MATCH (and the XLOOKUP equivalent) return the answer live.
B18: SUMIFS_COUNTIFS | C18: Summary matrices — total Sales and order counts sliced by Region, Category and Segment, plus a direct SUMIF vs SUMIFS comparison.
B19: Text_Functions | C19: LEFT, RIGHT, MID, LEN, TRIM, UPPER/LOWER/PROPER, CONCATENATE/TEXTJOIN, FIND/SEARCH and SUBSTITUTE, each applied to real City/Category/Ship Mode text.
B20: Edge_Cases | C20: A small deliberately-messy test table (blank cells, numbers stored as text, stray spaces) used to show how IFERROR, ISBLANK, ISNUMBER, VALUE and TRIM protect a formula.
B21: Notes | C21: Plain-English notes on when to reach for each function, the key differences (SUMIF vs SUMIFS, VLOOKUP vs INDEX/MATCH vs XLOOKUP), and answers to the interview questions from the task brief.
B23: Color legend
B24: Yellow fill | C24: Editable input cell — change this value to test the formula yourself
B25: Blue header | C25: Column headers / section titles

Sheet Data
A1: Ship Mode | B1: Segment | C1: Country | D1: City | E1: State | F1: Postal Code | G1: Region | H1: Category | I1: Sub-Category | J1: Sales | K1: Quantity | L1: Discount | M1: Profit | N1: Profit Category (nested IF) | O1: High-Value Order (IF) | P1: Full Item Description (& text join) | Q1: Regional Manager (VLOOKUP) | R1: Delivery SLA – days (INDEX/MATCH)
A2: Second Class | B2: Consumer | C2: United States | D2: Henderson | E2: Kentucky | F2: 42420 | G2: South | H2: Furniture | I2: Bookcases | J2: 261.96 | K2: 2 | L2: 0 | M2: 41.9136 | N2: =IF(M2<0,"Loss",IF(M2<50,"Low Profit",IF(M2<200,"Medium Profit","High Profit"))) -> Low Profit | O2: =IF(J2>=500,"High Value","Standard") -> Standard | P2: =H2&" > "&I2&" ("&K2&" units)" -> Furniture > Bookcases (2 units) | Q2: =VLOOKUP(G2,Region_Manager_Table,2,FALSE()) -> Karthik Iyer | R2: =INDEX(SLA_Days_Col,MATCH(A2,ShipMode_Col,0)) -> 4
A3: Second Class | B3: Consumer | C3: United States | D3: Henderson | E3: Kentucky | F3: 42420 | G3: South | H3: Furniture | I3: Chairs | J3: 731.94 | K3: 3 | L3: 0 | M3: 219.582 | N3: =IF(M3<0,"Loss",IF(M3<50,"Low Profit",IF(M3<200,"Medium Profit","High Profit"))) -> High Profit | O3: =IF(J3>=500,"High Value","Standard") -> High Value | P3: =H3&" > "&I3&" ("&K3&" units)" -> Furniture > Chairs (3 units) | Q3: =VLOOKUP(G3,Region_Manager_Table,2,FALSE()) -> Karthik Iyer | R3: =INDEX(SLA_Days_Col,MATCH(A3,ShipMode_Col,0)) -> 4
A4: Second Class | B4: Corporate | C4: United States | D4: Los Angeles | E4: California | F4: 90036 | G4: West | H4: Office Supplies | I4: Labels | J4: 14.62 | K4: 2 | L4: 0 | M4: 6.8714 | N4: =IF(M4<0,"Loss",IF(M4<50,"Low Profit",IF(M4<200,"Medium Profit","High Profit"))) -> Low Profit | O4: =IF(J4>=500,"High Value","Standard") -> Standard | P4: =H4&" > "&I4&" ("&K4&" units)" -> Office Supplies > Labels (2 units) | Q4: =VLOOKUP(G4,Region_Manager_Table,2,FALSE()) -> Sana Sheikh | R4: =INDEX(SLA_Days_Col,MATCH(A4,ShipMode_Col,0)) -> 4
A5: Standard Class | B5: Consumer | C5: United States | D5: Fort Lauderdale | E5: Florida | F5: 33311 | G5: South | H5: Furniture | I5: Tables | J5: 957.5775 | K5: 5 | L5: 0.45 | M5: -383.031 | N5: =IF(M5<0,"Loss",IF(M5<50,"Low Profit",IF(M5<200,"Medium Profit","High Profit"))) -> Loss | O5: =IF(J5>=500,"High Value","Standard") -> High Value | P5: =H5&" > "&I5&" ("&K5&" units)" -> Furniture > Tables (5 units) | Q5: =VLOOKUP(G5,Region_Manager_Table,2,FALSE()) -> Karthik Iyer | R5: =INDEX(SLA_Days_Col,MATCH(A5,ShipMode_Col,0)) -> 6
A6: Standard Class | B6: Consumer | C6: United States | D6: Fort Lauderdale | E6: Florida | F6: 33311 | G6: South | H6: Office Supplies | I6: Storage | J6: 22.368 | K6: 2 | L6: 0.2 | M6: 2.5164 | N6: =IF(M6<0,"Loss",IF(M6<50,"Low Profit",IF(M6<200,"Medium Profit","High Profit"))) -> Low Profit | O6: =IF(J6>=500,"High Value","Standard") -> Standard | P6: =H6&" > "&I6&" ("&K6&" units)" -> Office Supplies > Storage (2 units) | Q6: =VLOOKUP(G6,Region_Manager_Table,2,FALSE()) -> Karthik Iyer | R6: =INDEX(SLA_Days_Col,MATCH(A6,ShipMode_Col,0)) -> 6
A7: Standard Class | B7: Consumer | C7: United States | D7: Los Angeles | E7: California | F7: 90032 | G7: West | H7: Furniture | I7: Furnishings | J7: 48.86 | K7: 7 | L7: 0 | M7: 14.1694 | N7: =IF(M7<0,"Loss",IF(M7<50,"Low Profit",IF(M7<200,"Medium Profit","High Profit"))) -> Low Profit | O7: =IF(J7>=500,"High Value","Standard") -> Standard | P7: =H7&" > "&I7&" ("&K7&" units)" -> Furniture > Furnishings (7 units) | Q7: =VLOOKUP(G7,Region_Manager_Table,2,FALSE()) -> Sana Sheikh | R7: =INDEX(SLA_Days_Col,MATCH(A7,ShipMode_Col,0)) -> 6
A8: Standard Class | B8: Consumer | C8: United States | D8: Los Angeles | E8: California | F8: 90032 | G8: West | H8: Office Supplies | I8: Art | J8: 7.28 | K8: 4 | L8: 0 | M8: 1.9656 | N8: =IF(M8<0,"Loss",IF(M8<50,"Low Profit",IF(M8<200,"Medium Profit","High Profit"))) -> Low Profit | O8: =IF(J8>=500,"High Value","Standard") -> Standard | P8: =H8&" > "&I8&" ("&K8&" units)" -> Office Supplies > Art (4 units) | Q8: =VLOOKUP(G8,Region_Manager_Table,2,FALSE()) -> Sana Sheikh | R8: =INDEX(SLA_Days_Col,MATCH(A8,ShipMode_Col,0)) -> 6
A9: Standard Class | B9: Consumer | C9: United States | D9: Los Angeles | E9: California | F9: 90032 | G9: West | H9: Technology | I9: Phones | J9: 907.152 | K9: 6 | L9: 0.2 | M9: 90.7152 | N9: =IF(M9<0,"Loss",IF(M9<50,"Low Profit",IF(M9<200,"Medium Profit","High Profit"))) -> Medium Profit | O9: =IF(J9>=500,"High Value","Standard") -> High Value | P9: =H9&" > "&I9&" ("&K9&" units)" -> Technology > Phones (6 units) | Q9: =VLOOKUP(G9,Region_Manager_Table,2,FALSE()) -> Sana Sheikh | R9: =INDEX(SLA_Days_Col,MATCH(A9,ShipMode_Col,0)) -> 6
A10: Standard Class | B10: Consumer | C10: United States | D10: Los Angeles | E10: California | F10: 90032 | G10: West | H10: Office Supplies | I10: Binders | J10: 18.504 | K10: 3 | L10: 0.2 | M10: 5.7825 | N10: =IF(M10<0,"Loss",IF(M10<50,"Low Profit",IF(M10<200,"Medium Profit","High Profit"))) -> Low Profit | O10: =IF(J10>=500,"High Value","Standard") -> Standard | P10: =H10&" > "&I10&" ("&K10&" units)" -> Office Supplies > Binders (3 units) | Q10: =VLOOKUP(G10,Region_Manager_Table,2,FALSE()) -> Sana Sheikh | R10: =INDEX(SLA_Days_Col,MATCH(A10,ShipMode_Col,0)) -> 6
A11: Standard Class | B11: Consumer | C11: United States | D11: Los Angeles | E11: California | F11: 90032 | G11: West | H11: Office Supplies | I11: Appliances | J11: 114.9 | K11: 5 | L11: 0 | M11: 34.47 | N11: =IF(M11<0,"Loss",IF(M11<50,"Low Profit",IF(M11<200,"Medium Profit","High Profit"))) -> Low Profit | O11: =IF(J11>=500,"High Value","Standard") -> Standard | P11: =H11&" > "&I11&" ("&K11&" units)" -> Office Supplies > Appliances (5 units) | Q11: =VLOOKUP(G11,Region_Manager_Table,2,FALSE()) -> Sana Sheikh | R11: =INDEX(SLA_Days_Col,MATCH(A11,ShipMode_Col,0)) -> 6
A12: Standard Class | B12: Consumer | C12: United States | D12: Los Angeles | E12: California | F12: 90032 | G12: West | H12: Furniture | I12: Tables | J12: 1706.184 | K12: 9 | L12: 0.2 | M12: 85.3092 | N12: =IF(M12<0,"Loss",IF(M12<50,"Low Profit",IF(M12<200,"Medium Profit","High Profit"))) -> Medium Profit | O12: =IF(J12>=500,"High Value","Standard") -> High Value | P12: =H12&" > "&I12&" ("&K12&" units)" -> Furniture > Tables (9 units) | Q12: =VLOOKUP(G12,Region_Manager_Table,2,FALSE()) -> Sana Sheikh | R12: =INDEX(SLA_Days_Col,MATCH(A12,ShipMode_Col,0)) -> 6
A13: Standard Class | B13: Consumer | C13: United States | D13: Los Angeles | E13: California | F13: 90032 | G13: West | H13: Technology | I13: Phones | J13: 911.424 | K13: 4 | L13: 0.2 | M13: 68.3568 | N13: =IF(M13<0,"Loss",IF(M13<50,"Low Profit",IF(M13<200,"Medium Profit","High Profit"))) -> Medium Profit | O13: =IF(J13>=500,"High Value","Standard") -> High Value | P13: =H13&" > "&I13&" ("&K13&" units)" -> Technology > Phones (4 units) | Q13: =VLOOKUP(G13,Region_Manager_Table,2,FALSE()) -> Sana Sheikh | R13: =INDEX(SLA_Days_Col,MATCH(A13,ShipMode_Col,0)) -> 6
... A1001: Standard Class | B1001: Home Office | C1001: United States | D1001: Vancouver | E1001: Washington | F1001: 98661 | G1001: West | H1001: Office Supplies | I1001: Art | J1001: 44.02 | K1001: 2 | L1001: 0 | M1001: 11.4452 | N1001: =IF(M1001<0,"Loss",IF(M1001<50,"Low Profit",IF(M1001<200,"Medium Profit","High Profit"))) -> Low Profit | O1001: =IF(J1001>=500,"High Value","Standard") -> Standard | P1001: =H1001&" > "&I1001&" ("&K1001&" units)" -> Office Supplies > Art (2 units) | Q1001: =VLOOKUP(G1001,Region_Manager_Table,2,FALSE()) -> Sana Sheikh | R1001: =INDEX(SLA_Days_Col,MATCH(A1001,ShipMode_Col,0)) -> 6

Sheet Lookup_Tables
A1: Table 1 — Region → Regional Manager | D1: Table 2 — Ship Mode → Delivery SLA (days)
A2: Region | B2: Regional Manager | D2: Ship Mode | E2: SLA Days
A3: Central | B3: Aditya Rao | D3: Same Day | E3: 1
A4: East | B4: Priya Menon | D4: First Class | E4: 2
A5: South | B5: Karthik Iyer | D5: Second Class | E5: 4
A6: West | B6: Sana Sheikh | D6: Standard Class | E6: 6
A8: Note: Manager names are illustrative placeholders (not present in the original dataset) created only so VLOOKUP/INDEX-MATCH has a second table to search — a realistic situation, since in real analyst work the lookup table is usually a separate reference file (e.g. an HR list).

Sheet Lookup_Demo
B2: Interactive lookup sandbox
B3: Type a Region name in the yellow cell below and watch every lookup method return the same answer.
B5: Region to look up: | C5: West
B7: Method | C7: Live result | D7: Formula pattern
B8: VLOOKUP | C8: =VLOOKUP(C5,Region_Manager_Table,2,FALSE()) -> Sana Sheikh | D8: Pattern: VLOOKUP(lookup_value, table_array, col_index_num, FALSE) — searches the FIRST column only, always left→right.
B9: INDEX/MATCH | C9: =INDEX(Lookup_Tables!$B$3:$B$6,MATCH(C5,Lookup_Tables!$A$3:$A$6,0)) -> Sana Sheikh | D9: Pattern: INDEX(return_range, MATCH(lookup_value, lookup_range, 0)) — can look right-to-left and doesn't break if columns are inserted.
B11: XLOOKUP | C11: Formula text: =XLOOKUP(C5,Lookup_Tables!A3:A6,Lookup_Tables!B3:B6) | D11: Shown as TEXT, not a live formula: this workbook is checked with LibreOffice, which can't calculate XLOOKUP. Paste this exact formula into Excel 365 or Google Sheets and it will work — no FALSE/0 needed, and it returns a friendly result directly if nothing is found via a 4th 'if_not_found' argument.
B13: Ship Mode to look up: | C13: Standard Class
B14: Delivery SLA (INDEX/MATCH): | C14: =INDEX(SLA_Days_Col,MATCH(C13,ShipMode_Col,0))&" day(s)" -> 6 day(s)

Sheet SUMIFS_COUNTIFS
B2: SUMIFS, COUNTIFS & friends — sliced summaries of the live Data sheet
B4: 1) Total Sales by Region × Category — SUMIFS(Sales_Range, Region_Range, region, Category_Range, category)
B5: Region | C5: Furniture | D5: Office Supplies | E5: Technology
B6: Central | C6: =SUMIFS(Sales_Range,Region_Range,$B6,Category_Range,C$5) -> 19092.953 | D6: =SUMIFS(Sales_Range,Region_Range,$B6,Category_Range,D$5) -> 13943.746 | E6: =SUMIFS(Sales_Range,Region_Range,$B6,Category_Range,E$5) -> 33973.149
B7: East | C7: =SUMIFS(Sales_Range,Region_Range,$B7,Category_Range,C$5) -> 22471.887 | D7: =SUMIFS(Sales_Range,Region_Range,$B7,Category_Range,D$5) -> 23129.244 | E7: =SUMIFS(Sales_Range,Region_Range,$B7,Category_Range,E$5) -> 13874.958
B8: South | C8: =SUMIFS(Sales_Range,Region_Range,$B8,Category_Range,C$5) -> 11539.138 | D8: =SUMIFS(Sales_Range,Region_Range,$B8,Category_Range,D$5) -> 16146.66 | E8: =SUMIFS(Sales_Range,Region_Range,$B8,Category_Range,E$5) -> 15878.161
B9: West | C9: =SUMIFS(Sales_Range,Region_Range,$B9,Category_Range,C$5) -> 26273.601 | D9: =SUMIFS(Sales_Range,Region_Range,$B9,Category_Range,D$5) -> 15062.165 | E9: =SUMIFS(Sales_Range,Region_Range,$B9,Category_Range,E$5) -> 29773.574
B10: All Regions | C10: =SUMIF(Category_Range,C$5,Sales_Range) -> 79377.579 | D10: =SUMIF(Category_Range,D$5,Sales_Range) -> 68281.815 | E10: =SUMIF(Category_Range,E$5,Sales_Range) -> 93499.842
B13: 2) Number of Orders by Region × Segment — COUNTIFS(Region_Range, region, Segment_Range, segment)
B14: Region | C14: Consumer | D14: Corporate | E14: Home Office
B15: Central | C15: =COUNTIFS(Region_Range,$B15,Segment_Range,C$14) -> 123 | D15: =COUNTIFS(Region_Range,$B15,Segment_Range,D$14) -> 76 | E15: =COUNTIFS(Region_Range,$B15,Segment_Range,E$14) -> 46
B16: East | C16: =COUNTIFS(Region_Range,$B16,Segment_Range,C$14) -> 163 | D16: =COUNTIFS(Region_Range,$B16,Segment_Range,D$14) -> 80 | E16: =COUNTIFS(Region_Range,$B16,Segment_Range,E$14) -> 69
B17: South | C17: =COUNTIFS(Region_Range,$B17,Segment_Range,C$14) -> 76 | D17: =COUNTIFS(Region_Range,$B17,Segment_Range,D$14) -> 46 | E17: =COUNTIFS(Region_Range,$B17,Segment_Range,E$14) -> 19
B18: West | C18: =COUNTIFS(Region_Range,$B18,Segment_Range,C$14) -> 185 | D18: =COUNTIFS(Region_Range,$B18,Segment_Range,D$14) -> 81 | E18: =COUNTIFS(Region_Range,$B18,Segment_Range,E$14) -> 36
B21: 3) SUMIF vs SUMIFS — same question, one criterion vs two
B22: SUMIF — total Sales where Category = "Technology": | E22: =SUMIF(Category_Range,"Technology",Sales_Range) -> 93499.842
B23: SUMIFS — total Sales where Category = "Technology" AND Region = "West": | E23: =SUMIFS(Sales_Range,Category_Range,"Technology",Region_Range,"West") -> 29773.574
B24: COUNTIF — number of orders with Discount > 0: | E24: =COUNTIF(Discount_Range,">0") -> 536
B25: COUNTIFS — number of Technology orders with Discount > 20%: | E25: =COUNTIFS(Category_Range,"Technology",Discount_Range,">0.2") -> 23
B27: 4) Bonus — AVERAGEIFS: average Discount given per Category
B28: Category | C28: Avg. Discount
B29: Furniture | C29: =AVERAGEIFS(Discount_Range,Category_Range,$B29) -> 0.17864734
B30: Office Supplies | C30: =AVERAGEIFS(Discount_Range,Category_Range,$B30) -> 0.16351575
B31: Technology | C31: =AVERAGEIFS(Discount_Range,Category_Range,$B31) -> 0.14157895

Sheet Text_Functions
A1: Text functions applied to real City / Category / Ship Mode values (first 15 rows of Data)
A3: Row # | B3: City (source) | C3: State (source) | D3: LEFT(City,3) | E3: RIGHT(State,3) | F3: MID(City,2,4) | G3: LEN(City) | H3: UPPER/PROPER(Segment) | I3: City & ", " & State | J3: TEXTJOIN(" | ", City,State,Segment)
A4: 1 | B4: =Data!D2 -> Henderson | C4: =Data!E2 -> Kentucky | D4: =LEFT(B4,3) -> Hen | E4: =RIGHT(C4,3) -> cky | F4: =MID(B4,2,4) -> ende | G4: =LEN(B4) -> 9 | H4: =UPPER(LEFT(Data!B2,1))&LOWER(MID(Data!B2,2,50)) -> Consumer | I4: =B4&", "&C4 -> Henderson, Kentucky | J4: =_xlfn.TEXTJOIN(" | ",TRUE(),B4,C4,Data!B2) -> Henderson | Kentucky | Consumer
A5: 2 | B5: =Data!D3 -> Henderson | C5: =Data!E3 -> Kentucky | D5: =LEFT(B5,3) -> Hen | E5: =RIGHT(C5,3) -> cky | F5: =MID(B5,2,4) -> ende | G5: =LEN(B5) -> 9 | H5: =UPPER(LEFT(Data!B3,1))&LOWER(MID(Data!B3,2,50)) -> Consumer | I5: =B5&", "&C5 -> Henderson, Kentucky | J5: =_xlfn.TEXTJOIN(" | ",TRUE(),B5,C5,Data!B3) -> Henderson | Kentucky | Consumer
A6: 3 | B6: =Data!D4 -> Los Angeles | C6: =Data!E4 -> California | D6: =LEFT(B6,3) -> Los | E6: =RIGHT(C6,3) -> nia | F6: =MID(B6,2,4) -> os A | G6: =LEN(B6) -> 11 | H6: =UPPER(LEFT(Data!B4,1))&LOWER(MID(Data!B4,2,50)) -> Corporate | I6: =B6&", "&C6 -> Los Angeles, California | J6: =_xlfn.TEXTJOIN(" | ",TRUE(),B6,C6,Data!B4) -> Los Angeles | California | Corporate
A7: 4 | B7: =Data!D5 -> Fort Lauderdale | C7: =Data!E5 -> Florida | D7: =LEFT(B7,3) -> For | E7: =RIGHT(C7,3) -> ida | F7: =MID(B7,2,4) -> ort | G7: =LEN(B7) -> 15 | H7: =UPPER(LEFT(Data!B5,1))&LOWER(MID(Data!B5,2,50)) -> Consumer | I7: =B7&", "&C7 -> Fort Lauderdale, Florida | J7: =_xlfn.TEXTJOIN(" | ",TRUE(),B7,C7,Data!B5) -> Fort Lauderdale | Florida | Consumer
A8: 5 | B8: =Data!D6 -> Fort Lauderdale | C8: =Data!E6 -> Florida | D8: =LEFT(B8,3) -> For | E8: =RIGHT(C8,3) -> ida | F8: =MID(B8,2,4) -> ort | G8: =LEN(B8) -> 15 | H8: =UPPER(LEFT(Data!B6,1))&LOWER(MID(Data!B6,2,50)) -> Consumer | I8: =B8&", "&C8 -> Fort Lauderdale, Florida | J8: =_xlfn.TEXTJOIN(" | ",TRUE(),B8,C8,Data!B6) -> Fort Lauderdale | Florida | Consumer
A9: 6 | B9: =Data!D7 -> Los Angeles | C9: =Data!E7 -> California | D9: =LEFT(B9,3) -> Los | E9: =RIGHT(C9,3) -> nia | F9: =MID(B9,2,4) -> os A | G9: =LEN(B9) -> 11 | H9: =UPPER(LEFT(Data!B7,1))&LOWER(MID(Data!B7,2,50)) -> Consumer | I9: =B9&", "&C9 -> Los Angeles, California | J9: =_xlfn.TEXTJOIN(" | ",TRUE(),B9,C9,Data!B7) -> Los Angeles | California | Consumer
A10: 7 | B10: =Data!D8 -> Los Angeles | C10: =Data!E8 -> California | D10: =LEFT(B10,3) -> Los | E10: =RIGHT(C10,3) -> nia | F10: =MID(B10,2,4) -> os A | G10: =LEN(B10) -> 11 | H10: =UPPER(LEFT(Data!B8,1))&LOWER(MID(Data!B8,2,50)) -> Consumer | I10: =B10&", "&C10 -> Los Angeles, California | J10: =_xlfn.TEXTJOIN(" | ",TRUE(),B10,C10,Data!B8) -> Los Angeles | California | Consumer
A11: 8 | B11: =Data!D9 -> Los Angeles | C11: =Data!E9 -> California | D11: =LEFT(B11,3) -> Los | E11: =RIGHT(C11,3) -> nia | F11: =MID(B11,2,4) -> os A | G11: =LEN(B11) -> 11 | H11: =UPPER(LEFT(Data!B9,1))&LOWER(MID(Data!B9,2,50)) -> Consumer | I11: =B11&", "&C11 -> Los Angeles, California | J11: =_xlfn.TEXTJOIN(" | ",TRUE(),B11,C11,Data!B9) -> Los Angeles | California | Consumer
A12: 9 | B12: =Data!D10 -> Los Angeles | C12: =Data!E10 -> California | D12: =LEFT(B12,3) -> Los | E12: =RIGHT(C12,3) -> nia | F12: =MID(B12,2,4) -> os A | G12: =LEN(B12) -> 11 | H12: =UPPER(LEFT(Data!B10,1))&LOWER(MID(Data!B10,2,50)) -> Consumer | I12: =B12&", "&C12 -> Los Angeles, California | J12: =_xlfn.TEXTJOIN(" | ",TRUE(),B12,C12,Data!B10) -> Los Angeles | California | Consumer
A13: 10 | B13: =Data!D11 -> Los Angeles | C13: =Data!E11 -> California | D13: =LEFT(B13,3) -> Los | E13: =RIGHT(C13,3) -> nia | F13: =MID(B13,2,4) -> os A | G13: =LEN(B13) -> 11 | H13: =UPPER(LEFT(Data!B11,1))&LOWER(MID(Data!B11,2,50)) -> Consumer | I13: =B13&", "&C13 -> Los Angeles, California | J13: =_xlfn.TEXTJOIN(" | ",TRUE(),B13,C13,Data!B11) -> Los Angeles | California | Consumer
A14: 11 | B14: =Data!D12 -> Los Angeles | C14: =Data!E12 -> California | D14: =LEFT(B14,3) -> Los | E14: =RIGHT(C14,3) -> nia | F14: =MID(B14,2,4) -> os A | G14: =LEN(B14) -> 11 | H14: =UPPER(LEFT(Data!B12,1))&LOWER(MID(Data!B12,2,50)) -> Consumer | I14: =B14&", "&C14 -> Los Angeles, California | J14: =_xlfn.TEXTJOIN(" | ",TRUE(),B14,C14,Data!B12) -> Los Angeles | California | Consumer
A15: 12 | B15: =Data!D13 -> Los Angeles | C15: =Data!E13 -> California | D15: =LEFT(B15,3) -> Los | E15: =RIGHT(C15,3) -> nia | F15: =MID(B15,2,4) -> os A | G15: =LEN(B15) -> 11 | H15: =UPPER(LEFT(Data!B13,1))&LOWER(MID(Data!B13,2,50)) -> Consumer | I15: =B15&", "&C15 -> Los Angeles, California | J15: =_xlfn.TEXTJOIN(" | ",TRUE(),B15,C15,Data!B13) -> Los Angeles | California | Consumer
... A18: 15 | B18: =Data!D16 -> Fort Worth | C18: =Data!E16 -> Texas | D18: =LEFT(B18,3) -> For | E18: =RIGHT(C18,3) -> xas | F18: =MID(B18,2,4) -> ort | G18: =LEN(B18) -> 10 | H18: =UPPER(LEFT(Data!B16,1))&LOWER(MID(Data!B16,2,50)) -> Home office | I18: =B18&", "&C18 -> Fort Worth, Texas | J18: =_xlfn.TEXTJOIN(" | ",TRUE(),B18,C18,Data!B16) -> Fort Worth | Texas | Home Office
A21: More text-function patterns worth knowing
A22: FIND (case-sensitive position) | B22: =FIND("Office",Data!H4) -> 1 | C22: Returns the character position of "Office" inside the Category text of row 4 ("Office Supplies"), or a VALUE error if it isn't found.
A23: SEARCH (case-insensitive position) | B23: =SEARCH("office",Data!H4) -> 1 | C23: Same idea as FIND, but ignores upper/lower case — safer when you can't guarantee consistent capitalization.
A24: SUBSTITUTE (replace text) | B24: =SUBSTITUTE(Data!A2,"Class","Tier") -> Second Tier | C24: Replaces every occurrence of "Class" with "Tier" inside the Ship Mode text — useful for relabeling values without retyping them.
A25: TRIM (strip extra spaces) | B25: =TRIM(" Second Class ") -> Second Class | C25: Collapses leading, trailing and repeated internal spaces down to single spaces — the fix for text that looks identical but won't match in a lookup.
A26: VALUE (text number -> real number) | B26: =VALUE("1250") -> 1250 | C26: Converts a number that's stored as text (left-aligned, ignored by SUM) into a real number Excel can calculate with.

Sheet Edge_Cases
A1: A small, deliberately-messy test table — used to show how formulas break, and how to guard them
A2: This table is hand-built (not from the Superstore file) purely to create the messy conditions analysts hit in real spreadsheets: a blank cell, a number typed as text, and stray spaces.
A4: Order | B4: Quantity (blank/number/text) | C4: Sales | D4: Notes
A5: A1 | B5: 5 | C5: 250 | D5: normal row
A6: A2 | C6: 180 | D6: blank Quantity
A7: A3 | B7: 7 | C7: 90 | D7: Quantity typed/pasted as TEXT, not a number
A8: A4 | B8: 6 | C8: 340 | D8: Quantity has a leading space — looks fine, breaks matches
A11: Problem & fix
A12: Naive SUM (breaks on blank+text) | C12: =SUM(B5:B8) -> 5 | D12: SUM silently skips the blank and the text value — it looks like it worked, but the total is quietly wrong (only counts the real numbers).
A13: ISBLANK — catch the missing value | C13: =IF(ISBLANK(B6),"Missing quantity — check source","OK") -> Missing quantity — check source | D13: Flags row A2 explicitly instead of letting a blank slide through unnoticed.
A14: ISNUMBER — catch the text value | C14: =IF(ISNUMBER(B7),"Numeric","Stored as text — fix before summing") -> Stored as text — fix before summing | D14: B7, holding "7" as text, is caught here — a plain SUM() would have ignored it.
A15: VALUE — force text back to a number | C15: =VALUE(TRIM(B8)) -> 6 | D15: TRIM removes the stray leading space first, then VALUE converts the cleaned text "6" into the real number 6.
A16: IFERROR — never show a raw error to a user | C16: =IFERROR(VALUE(B5),"n/a") -> 5 | D16: Wraps a conversion that could fail (e.g. on true non-numeric text) so the sheet shows a friendly "n/a" instead of a VALUE error.

Sheet Notes
A1: Notes — when to use each formula
A3: 1. Lookup functions
A4: VLOOKUP | B4: You need to pull a matching value from a column to the RIGHT of your lookup column, in a table that won't have columns inserted into it. Simple, universally understood, works in every Excel version. | E4: Data!Q2 pulls the Regional Manager for each Region.
A5: INDEX/MATCH | B5: Same job as VLOOKUP but more flexible: it can look to the LEFT, doesn't break when someone inserts a column in the middle of the table, and is generally faster on very large sheets. | E5: Data!R2 finds the Delivery SLA by matching Ship Mode.
A6: XLOOKUP | B6: The modern replacement for both — Excel 365 / Google Sheets only. One function does what VLOOKUP+INDEX/MATCH used to need two for: searches either direction, defaults to exact match, and lets you supply a custom 'not found' message instead of an N/A error. | E6: See Lookup_Demo sheet — shown as text since it needs Excel 365/Sheets to run.
A8: 2. Logical functions
A9: IF | B9: A single either/or decision based on one condition. | E9: Pattern: =IF(Sales>500,"High Value","Standard")
A10: Nested IF | B10: More than two possible outcomes, ranked in order (e.g. Loss / Low / Medium / High). Keep to 3–4 levels max — beyond that, IFS or a lookup table is more readable. | E10: Data!N2: =IF(Profit<0,"Loss",IF(Profit<50,"Low",IF(Profit<200,"Medium","High")))
A11: IFERROR | B11: Wrap ANY formula that might legitimately fail (a lookup with no match, a division that could hit zero, a text-to-number conversion) so the user sees a clean message instead of a raw error code. | E11: Pattern: =IFERROR(VALUE(B5),"n/a")
A13: 3. Conditional aggregation
A14: SUMIF / COUNTIF / AVERAGEIF | B14: You are filtering on exactly ONE condition. | E14: Pattern: =SUMIF(Category_Range,"Technology",Sales_Range)
A15: SUMIFS / COUNTIFS / AVERAGEIFS | B15: You are filtering on TWO OR MORE conditions at once (the 'S' at the end is the giveaway). Note the argument order flips: the sum/average range comes FIRST in the *IFS versions, but LAST in the single-condition versions. | E15: Pattern: =SUMIFS(Sales_Range,Category_Range,"Technology",Region_Range,"West")
A17: 4. Text functions
A18: LEFT / RIGHT / MID | B18: Pulling a fixed number of characters from a known position — e.g. a 3-letter airport or state code, or the first few digits of a product SKU. | E18: Pattern: =LEFT(City,3)
A19: TRIM | B19: Cleaning imported or copy-pasted data. Extra spaces are invisible to the eye but make two cells that 'look' identical fail an exact match (VLOOKUP, IF, COUNTIF) — TRIM is usually the very first fix to try. | E19: Pattern: =TRIM(" Second Class ")
A20: UPPER / LOWER / PROPER | B20: Standardizing case before comparing or displaying text — e.g. matching "west" and "WEST", or turning "new york" into "New York" for a report.
A21: CONCATENATE / "&" / TEXTJOIN | B21: Combining several cells into one readable string. Use & for a quick 2–3 cell join; use TEXTJOIN when you have many cells and want a consistent delimiter, and it can also skip blanks automatically. | E21: Pattern: =City&", "&State or =TEXTJOIN(", ",TRUE,City,State,Segment)
A22: FIND / SEARCH / SUBSTITUTE | B22: FIND/SEARCH locate where a substring sits inside text (FIND is case-sensitive, SEARCH is not); SUBSTITUTE replaces a specific piece of text everywhere it occurs. | E22: Pattern: =SUBSTITUTE(ShipMode,"Class","Tier")
A24: 5. Error / type-checking functions
A25: ISBLANK / ISNUMBER / ISTEXT | B25: Defensive checks before you calculate — run these on messy or user-entered data to catch missing values or numbers accidentally stored as text before they silently break a SUM or a lookup. | E25: See the Edge_Cases sheet.
A26: VALUE | B26: Converting a 'number' that's actually stored as text (common after importing from a website, PDF, or another system) into a real number Excel can add up. | E26: Pattern: =VALUE(TRIM(" 1250"))
A28: 6. Named ranges
A29: Named ranges (e.g. Sales_Range, Region_Manager_Table) | B29: Used throughout this workbook instead of raw cell references (Data!$J$2:$J$1001) so formulas read like plain English — =SUMIFS(Sales_Range,Region_Range,"West") instead of a wall of $ signs. Define via Formulas > Name Manager or the Name Box; they update automatically wherever they're used. | E29: See Formulas > Name Manager in Excel to view all names used here.
A32: Interview questions — answered
A33: What's the difference between SUMIF and SUMIFS? | B33: SUMIF tests exactly one condition and its arguments are (range, criteria, sum_range). SUMIFS tests one or more conditions and reorders the arguments to (sum_range, range1, criteria1, range2, criteria2, ...) — the sum range always comes first. Because of that, SUMIFS with a single condition is a drop-in replacement for SUMIF, so many analysts default to SUMIFS even for one condition and only reach for SUMIF in the simplest cases.
A34: How does XLOOKUP improve on VLOOKUP? | B34: Four practical upgrades: (1) it can search left of the return column, VLOOKUP can only go right; (2) it defaults to an exact match, so you don't need to remember the FALSE argument; (3) it keeps working if a column is inserted into the table because it references the actual return column, not a fixed index number; (4) it has a built-in 'if not found' argument, so you can return a custom message instead of an N/A error without wrapping it in IFERROR.
A35: When would you use INDEX/MATCH instead of VLOOKUP? | B35: When the value you need to return sits to the LEFT of your lookup column (VLOOKUP can't do that at all), when the table's column order might change (INDEX/MATCH keeps working because MATCH finds the column by name, not a hard-coded position), or on very large datasets where INDEX/MATCH is generally lighter and faster than VLOOKUP.
